year,predicted_gdp
2024,51.945652173913004
2025,53.0413043478261
2026,54.13695652173874
2027,55.232608695651834
2028,56.32826086956493
2029,57.423913043478024
2030,58.51956521739112
2031,59.61521739130421
2032,60.71086956521731
2033,61.8065217391304
2034,62.9021739130435
2035,63.99782608695614
2036,65.09347826086923
2037,66.18913043478233
2038,67.28478260869542
2039,68.38043478260852
2040,69.47608695652161
